﻿G,Date,Start (ET),,,,Opponent,,,Tm,Opp,W,L,Streak,Notes
1,"Tue, Oct 30, 2012",8:00p,,Box Score,@,Miami Heat,L,,107,120,0,1,L 1,
2,"Fri, Nov 2, 2012",7:30p,,Box Score,,Milwaukee Bucks,L,,88,99,0,2,L 2,
3,"Sat, Nov 3, 2012",7:00p,,Box Score,@,Washington Wizards,W,,89,86,1,2,W 1,
4,"Wed, Nov 7, 2012",7:30p,,Box Score,,Washington Wizards,W,OT,100,94,2,2,W 2,
5,"Fri, Nov 9, 2012",7:30p,,Box Score,,Philadelphia 76ers,L,,100,106,2,3,L 1,
6,"Sat, Nov 10, 2012",8:30p,,Box Score,@,Milwaukee Bucks,W,,96,92,3,3,W 1,
7,"Mon, Nov 12, 2012",8:00p,,Box Score,@,Chicago Bulls,W,,101,95,4,3,W 2,
8,"Wed, Nov 14, 2012",7:30p,,Box Score,,Utah Jazz,W,,98,93,5,3,W 3,
9,"Thu, Nov 15, 2012",8:00p,,Box Score,@,Brooklyn Nets,L,,97,102,5,4,L 1,
10,"Sat, Nov 17, 2012",12:30p,,Box Score,,Toronto Raptors,W,,107,89,6,4,W 1,
11,"Sun, Nov 18, 2012",7:30p,,Box Score,@,Detroit Pistons,L,,83,103,6,5,L 1,
12,"Wed, Nov 21, 2012",7:30p,,Box Score,,San Antonio Spurs,L,,100,112,6,6,L 2,
13,"Fri, Nov 23, 2012",7:30p,,Box Score,,Oklahoma City Thunder,W,,108,100,7,6,W 1,
14,"Sun, Nov 25, 2012",6:00p,,Box Score,@,Orlando Magic,W,OT,116,110,8,6,W 2,
15,"Wed, Nov 28, 2012",7:30p,,Box Score,,Brooklyn Nets,L,,83,95,8,7,L 1,
16,"Fri, Nov 30, 2012",7:30p,,Box Score,,Portland Trail Blazers,W,,96,78,9,7,W 1,
17,"Sat, Dec 1, 2012",8:30p,,Box Score,@,Milwaukee Bucks,L,,88,91,9,8,L 1,
18,"Wed, Dec 5, 2012",7:30p,,Box Score,,Minnesota Timberwolves,W,,104,94,10,8,W 1,
19,"Fri, Dec 7, 2012",7:00p,,Box Score,@,Philadelphia 76ers,L,OT,94,95,10,9,L 1,
20,"Sat, Dec 8, 2012",7:30p,,Box Score,,Philadelphia 76ers,W,,92,79,11,9,W 1,
21,"Wed, Dec 12, 2012",8:00p,,Box Score,,Dallas Mavericks,W,2OT,117,115,12,9,W 2,
22,"Fri, Dec 14, 2012",8:00p,,Box Score,@,Houston Rockets,L,,89,101,12,10,L 1,
23,"Sat, Dec 15, 2012",8:30p,,Box Score,@,San Antonio Spurs,L,,88,103,12,11,L 2,
24,"Tue, Dec 18, 2012",8:00p,,Box Score,@,Chicago Bulls,L,,89,100,12,12,L 3,
25,"Wed, Dec 19, 2012",7:30p,,Box Score,,Cleveland Cavaliers,W,,103,91,13,12,W 1,
26,"Fri, Dec 21, 2012",7:30p,,Box Score,,Milwaukee Bucks,L,OT,94,99,13,13,L 1,
27,"Tue, Dec 25, 2012",12:00p,,Box Score,@,Brooklyn Nets,W,,93,76,14,13,W 1,
28,"Thu, Dec 27, 2012",10:30p,,Box Score,@,Los Angeles Clippers,L,,77,106,14,14,L 1,
29,"Sat, Dec 29, 2012",10:30p,,Box Score,@,Golden State Warriors,L,,83,101,14,15,L 2,
30,"Sun, Dec 30, 2012",9:00p,,Box Score,@,Sacramento Kings,L,,96,118,14,16,L 3,
31,"Wed, Jan 2, 2013",7:30p,,Box Score,,Memphis Grizzlies,L,,83,93,14,17,L 4,
32,"Fri, Jan 4, 2013",8:00p,,Box Score,,Indiana Pacers,W,,94,75,15,17,W 1,
33,"Sat, Jan 5, 2013",7:00p,,Box Score,@,Atlanta Hawks,W,,89,81,16,17,W 2,
34,"Mon, Jan 7, 2013",7:30p,,Box Score,@,New York Knicks,W,,102,96,17,17,W 3,
35,"Wed, Jan 9, 2013",7:30p,,Box Score,,Phoenix Suns,W,,87,79,18,17,W 4,
36,"Fri, Jan 11, 2013",7:30p,,Box Score,,Houston Rockets,W,,103,91,19,17,W 5,
37,"Mon, Jan 14, 2013",7:30p,,Box Score,,Charlotte Bobcats,W,,100,89,20,17,W 6,
38,"Wed, Jan 16, 2013",8:00p,,Box Score,,New Orleans Hornets,L,,78,90,20,18,L 1,
39,"Fri, Jan 18, 2013",7:00p,,Box Score,,Chicago Bulls,L,OT,99,100,20,19,L 2,
40,"Sun, Jan 20, 2013",7:30p,,Box Score,@,Detroit Pistons,L,,88,103,20,20,L 3,
41,"Tue, Jan 22, 2013",7:00p,,Box Score,@,Cleveland Cavaliers,L,,90,95,20,21,L 4,
42,"Thu, Jan 24, 2013",8:00p,,Box Score,,New York Knicks,L,,86,89,20,22,L 5,
43,"Fri, Jan 25, 2013",7:30p,,Box Score,@,Atlanta Hawks,L,2OT,111,123,20,23,L 6,
44,"Sun, Jan 27, 2013",1:00p,,Box Score,,Miami Heat,W,2OT,100,98,21,23,W 1,
45,"Wed, Jan 30, 2013",7:30p,,Box Score,,Sacramento Kings,W,,99,81,22,23,W 2,
46,"Fri, Feb 1, 2013",7:30p,,Box Score,,Orlando Magic,W,,97,84,23,23,W 3,
47,"Sun, Feb 3, 2013",1:00p,,Box Score,,Los Angeles Clippers,W,,106,104,24,23,W 4,
48,"Wed, Feb 6, 2013",7:00p,,Box Score,@,Toronto Raptors,W,,99,95,25,23,W 5,
49,"Thu, Feb 7, 2013",8:00p,,Box Score,,Los Angeles Lakers,W,,116,95,26,23,W 6,
50,"Sun, Feb 10, 2013",6:00p,,Box Score,,Denver Nuggets,W,3OT,118,114,27,23,W 7,
51,"Mon, Feb 11, 2013",7:00p,,Box Score,@,Charlotte Bobcats,L,,91,94,27,24,L 1,
52,"Wed, Feb 13, 2013",7:30p,,Box Score,,Chicago Bulls,W,,71,69,28,24,W 1,
53,"Tue, Feb 19, 2013",9:00p,,Box Score,@,Denver Nuggets,L,,90,97,28,25,L 1,
54,"Wed, Feb 20, 2013",10:30p,,Box Score,@,Los Angeles Lakers,L,,99,113,28,26,L 2,
55,"Fri, Feb 22, 2013",9:00p,,Box Score,@,Phoenix Suns,W,,113,88,29,26,W 1,
56,"Sun, Feb 24, 2013",9:00p,,Box Score,@,Portland Trail Blazers,L,,86,92,29,27,L 1,
57,"Mon, Feb 25, 2013",9:00p,,Box Score,@,Utah Jazz,W,OT,110,107,30,27,W 1,
58,"Fri, Mar 1, 2013",7:30p,,Box Score,,Golden State Warriors,W,,94,86,31,27,W 2,
59,"Tue, Mar 5, 2013",7:00p,,Box Score,@,Philadelphia 76ers,W,,109,101,32,27,W 3,
60,"Wed, Mar 6, 2013",7:00p,,Box Score,@,Indiana Pacers,W,,83,81,33,27,W 4,
61,"Fri, Mar 8, 2013",8:00p,,Box Score,,Atlanta Hawks,W,OT,107,102,34,27,W 5,
62,"Sun, Mar 10, 2013",1:00p,,Box Score,@,Oklahoma City Thunder,L,,79,91,34,28,L 1,
63,"Tue, Mar 12, 2013",7:00p,,Box Score,@,Charlotte Bobcats,L,,74,100,34,29,L 2,
64,"Wed, Mar 13, 2013",7:30p,,Box Score,,Toronto Raptors,W,,112,88,35,29,W 1,
65,"Sat, Mar 16, 2013",7:30p,,Box Score,,Charlotte Bobcats,W,,105,88,36,29,W 2,
66,"Mon, Mar 18, 2013",8:00p,,Box Score,,Miami Heat,L,,103,105,36,30,L 1,
67,"Wed, Mar 20, 2013",8:00p,,Box Score,@,New Orleans Hornets,L,,86,87,36,31,L 2,
68,"Fri, Mar 22, 2013",8:30p,,Box Score,@,Dallas Mavericks,L,,94,104,36,32,L 3,
69,"Sat, Mar 23, 2013",8:00p,,Box Score,@,Memphis Grizzlies,L,,106,110,36,33,L 4,
70,"Tue, Mar 26, 2013",7:00p,,Box Score,,New York Knicks,L,,85,100,36,34,L 5,
71,"Wed, Mar 27, 2013",7:00p,,Box Score,@,Cleveland Cavaliers,W,,93,92,37,34,W 1,
72,"Fri, Mar 29, 2013",7:30p,,Box Score,,Atlanta Hawks,W,,118,107,38,34,W 2,
73,"Sun, Mar 31, 2013",7:30p,,Box Score,@,New York Knicks,L,,89,108,38,35,L 1,
74,"Mon, Apr 1, 2013",8:00p,,Box Score,@,Minnesota Timberwolves,L,,100,110,38,36,L 2,
75,"Wed, Apr 3, 2013",7:30p,,Box Score,,Detroit Pistons,W,,98,93,39,36,W 1,
76,"Fri, Apr 5, 2013",7:30p,,Box Score,,Cleveland Cavaliers,L,,91,97,39,37,L 1,
77,"Sun, Apr 7, 2013",6:00p,,Box Score,,Washington Wizards,W,,107,96,40,37,W 1,
78,"Wed, Apr 10, 2013",8:00p,,Box Score,,Brooklyn Nets,L,,93,101,40,38,L 1,
79,"Fri, Apr 12, 2013",7:30p,,Box Score,@,Miami Heat,L,,101,109,40,39,L 2,
80,"Sat, Apr 13, 2013",7:00p,,Box Score,@,Orlando Magic,W,,120,88,41,39,W 1,
81,"Wed, Apr 17, 2013",8:00p,,Box Score,@,Toronto Raptors,L,,90,114,41,40,L 1,
1,"Wed, Oct 30, 2013",7:00p,,Box Score,@,Toronto Raptors,L,,87,93,0,1,L 1,
2,"Fri, Nov 1, 2013",7:30p,,Box Score,,Milwaukee Bucks,L,,98,105,0,2,L 2,
3,"Sun, Nov 3, 2013",6:00p,,Box Score,@,Detroit Pistons,L,,77,87,0,3,L 3,
4,"Mon, Nov 4, 2013",8:00p,,Box Score,@,Memphis Grizzlies,L,,88,95,0,4,L 4,
5,"Wed, Nov 6, 2013",7:30p,,Box Score,,Utah Jazz,W,,97,87,1,4,W 1,
6,"Fri, Nov 8, 2013",7:00p,,Box Score,@,Orlando Magic,W,,91,89,2,4,W 2,
7,"Sat, Nov 9, 2013",7:30p,,Box Score,@,Miami Heat,W,,111,110,3,4,W 3,
8,"Mon, Nov 11, 2013",7:30p,,Box Score,,Orlando Magic,W,,120,105,4,4,W 4,
9,"Wed, Nov 13, 2013",7:30p,,Box Score,,Charlotte Bobcats,L,,83,89,4,5,L 1,
10,"Fri, Nov 15, 2013",7:30p,,Box Score,,Portland Trail Blazers,L,,96,109,4,6,L 2,
11,"Sat, Nov 16, 2013",8:00p,,Box Score,@,Minnesota Timberwolves,L,,88,106,4,7,L 3,
12,"Tue, Nov 19, 2013",8:00p,,Box Score,@,Houston Rockets,L,,85,109,4,8,L 4,
13,"Wed, Nov 20, 2013",8:30p,,Box Score,@,San Antonio Spurs,L,,93,104,4,9,L 5,
14,"Fri, Nov 22, 2013",7:30p,,Box Score,,Indiana Pacers,L,,82,97,4,10,L 6,
15,"Sat, Nov 23, 2013",7:30p,,Box Score,@,Atlanta Hawks,W,,94,87,5,10,W 1,
16,"Mon, Nov 25, 2013",7:00p,,Box Score,@,Charlotte Bobcats,W,,96,86,6,10,W 2,
17,"Wed, Nov 27, 2013",7:30p,,Box Score,,Memphis Grizzlies,L,,93,100,6,11,L 1,
18,"Fri, Nov 29, 2013",7:30p,,Box Score,,Cleveland Cavaliers,W,,103,86,7,11,W 1,
19,"Sat, Nov 30, 2013",9:00p,,Box Score,@,Milwaukee Bucks,L,,85,92,7,12,L 1,
20,"Tue, Dec 3, 2013",7:30p,,Box Score,,Milwaukee Bucks,W,,108,100,8,12,W 1,
21,"Fri, Dec 6, 2013",7:30p,,Box Score,,Denver Nuggets,W,,106,98,9,12,W 2,
22,"Sun, Dec 8, 2013",12:00a,,Box Score,@,New York Knicks,W,,114,73,10,12,W 3,
23,"Tue, Dec 10, 2013",7:30p,,Box Score,@,Brooklyn Nets,L,,96,104,10,13,L 1,
24,"Wed, Dec 11, 2013",7:30p,,Box Score,,Los Angeles Clippers,L,,88,96,10,14,L 2,
25,"Fri, Dec 13, 2013",7:30p,,Box Score,,New York Knicks,W,,90,86,11,14,W 1,
26,"Mon, Dec 16, 2013",7:30p,,Box Score,,Minnesota Timberwolves,W,,101,97,12,14,W 2,
27,"Wed, Dec 18, 2013",7:30p,,Box Score,,Detroit Pistons,L,,106,107,12,15,L 1,
28,"Sat, Dec 21, 2013",1:00p,,Box Score,,Washington Wizards,L,,99,106,12,16,L 2,
29,"Sun, Dec 22, 2013",6:00p,,Box Score,@,Indiana Pacers,L,,79,106,12,17,L 3,
30,"Sat, Dec 28, 2013",1:00p,,Box Score,,Cleveland Cavaliers,W,,103,100,13,17,W 1,
31,"Tue, Dec 31, 2013",1:00p,,Box Score,,Atlanta Hawks,L,,91,92,13,18,L 1,
32,"Thu, Jan 2, 2014",8:00p,,Box Score,@,Chicago Bulls,L,,82,94,13,19,L 2,
33,"Fri, Jan 3, 2014",7:30p,,Box Score,,New Orleans Pelicans,L,,92,95,13,20,L 3,
34,"Sun, Jan 5, 2014",7:00p,,Box Score,@,Oklahoma City Thunder,L,,96,119,13,21,L 4,
35,"Tue, Jan 7, 2014",9:00p,,Box Score,@,Denver Nuggets,L,,98,129,13,22,L 5,
36,"Wed, Jan 8, 2014",10:30p,,Box Score,@,Los Angeles Clippers,L,,105,111,13,23,L 6,
37,"Fri, Jan 10, 2014",10:30p,,Box Score,@,Golden State Warriors,L,,97,99,13,24,L 7,
38,"Sat, Jan 11, 2014",10:00p,,Box Score,@,Portland Trail Blazers,L,,104,112,13,25,L 8,
39,"Mon, Jan 13, 2014",7:30p,,Box Score,,Houston Rockets,L,,92,104,13,26,L 9,
40,"Wed, Jan 15, 2014",7:30p,,Box Score,,Toronto Raptors,W,,88,83,14,26,W 1,
41,"Fri, Jan 17, 2014",7:30p,,Box Score,,Los Angeles Lakers,L,,104,107,14,27,L 1,
42,"Sun, Jan 19, 2014",6:00p,,Box Score,@,Orlando Magic,L,,91,93,14,28,L 2,
43,"Tue, Jan 21, 2014",7:30p,,Box Score,@,Miami Heat,L,,86,93,14,29,L 3,
44,"Wed, Jan 22, 2014",7:00p,,Box Score,@,Washington Wizards,W,OT,113,111,15,29,W 1,
45,"Fri, Jan 24, 2014",7:30p,,Box Score,,Oklahoma City Thunder,L,,83,101,15,30,L 1,
46,"Sun, Jan 26, 2014",6:30p,,Box Score,,Brooklyn Nets,L,,79,85,15,31,L 2,
47,"Tue, Jan 28, 2014",7:30p,,Box Score,@,New York Knicks,L,,88,114,15,32,L 3,
48,"Wed, Jan 29, 2014",7:30p,,Box Score,,Philadelphia 76ers,L,,94,95,15,33,L 4,
49,"Sun, Feb 2, 2014",1:00p,,Box Score,,Orlando Magic,W,,96,89,16,33,W 1,
50,"Wed, Feb 5, 2014",7:00p,,Box Score,@,Philadelphia 76ers,W,,114,108,17,33,W 2,
51,"Fri, Feb 7, 2014",7:30p,,Box Score,,Sacramento Kings,W,,99,89,18,33,W 3,
52,"Sun, Feb 9, 2014",6:00p,,Box Score,,Dallas Mavericks,L,,91,102,18,34,L 1,
53,"Mon, Feb 10, 2014",8:00p,,Box Score,@,Milwaukee Bucks,W,,102,86,19,34,W 1,
54,"Wed, Feb 12, 2014",7:30p,,Box Score,,San Antonio Spurs,L,,92,104,19,35,L 1,
55,"Wed, Feb 19, 2014",9:00p,,Box Score,@,Phoenix Suns,L,,94,100,19,36,L 2,
56,"Fri, Feb 21, 2014",10:30p,,Box Score,@,Los Angeles Lakers,L,,92,101,19,37,L 3,
57,"Sat, Feb 22, 2014",10:00p,,Box Score,@,Sacramento Kings,L,,98,105,19,38,L 4,
58,"Mon, Feb 24, 2014",9:00p,,Box Score,@,Utah Jazz,L,,98,110,19,39,L 5,
59,"Wed, Feb 26, 2014",7:30p,,Box Score,,Atlanta Hawks,W,,115,104,20,39,W 1,
60,"Sat, Mar 1, 2014",8:00p,,Box Score,,Indiana Pacers,L,,97,102,20,40,L 1,
61,"Wed, Mar 5, 2014",7:30p,,Box Score,,Golden State Warriors,L,,88,108,20,41,L 2,
62,"Fri, Mar 7, 2014",7:30p,,Box Score,,Brooklyn Nets,W,,91,84,21,41,W 1,
63,"Sun, Mar 9, 2014",6:00p,,Box Score,,Detroit Pistons,W,,118,111,22,41,W 2,
64,"Tue, Mar 11, 2014",7:00p,,Box Score,@,Indiana Pacers,L,,83,94,22,42,L 1,
65,"Wed, Mar 12, 2014",7:30p,,Box Score,,New York Knicks,L,,92,116,22,43,L 2,
66,"Fri, Mar 14, 2014",7:30p,,Box Score,,Phoenix Suns,L,,80,87,22,44,L 3,
67,"Sun, Mar 16, 2014",6:00p,,Box Score,@,New Orleans Pelicans,L,OT,120,121,22,45,L 4,
68,"Mon, Mar 17, 2014",8:30p,,Box Score,@,Dallas Mavericks,L,,89,94,22,46,L 5,
69,"Wed, Mar 19, 2014",7:30p,,Box Score,,Miami Heat,W,,101,96,23,46,W 1,
70,"Fri, Mar 21, 2014",7:30p,,Box Score,@,Brooklyn Nets,L,,98,114,23,47,L 1,
71,"Wed, Mar 26, 2014",7:30p,,Box Score,,Toronto Raptors,L,,90,99,23,48,L 2,
72,"Fri, Mar 28, 2014",7:00p,,Box Score,@,Toronto Raptors,L,,103,105,23,49,L 3,
73,"Sun, Mar 30, 2014",7:00p,,Box Score,,Chicago Bulls,L,,102,107,23,50,L 4,
74,"Mon, Mar 31, 2014",8:00p,,Box Score,@,Chicago Bulls,L,,80,94,23,51,L 5,
75,"Wed, Apr 2, 2014",7:00p,,Box Score,@,Washington Wizards,L,,92,118,23,52,L 6,
76,"Fri, Apr 4, 2014",7:30p,,Box Score,,Philadelphia 76ers,L,,102,111,23,53,L 7,
77,"Sat, Apr 5, 2014",7:30p,,Box Score,@,Detroit Pistons,L,,111,115,23,54,L 8,
78,"Wed, Apr 9, 2014",7:30p,,Box Score,@,Atlanta Hawks,L,,97,105,23,55,L 9,
79,"Fri, Apr 11, 2014",7:30p,,Box Score,,Charlotte Bobcats,W,,106,103,24,55,W 1,
80,"Sat, Apr 12, 2014",7:30p,,Box Score,@,Cleveland Cavaliers,W,,111,99,25,55,W 2,
81,"Mon, Apr 14, 2014",7:00p,,Box Score,@,Philadelphia 76ers,L,,108,113,25,56,L 1,
82,"Wed, Apr 16, 2014",8:00p,,Box Score,,Washington Wizards,L,,102,118,25,57,L 2,
1,"Wed, Oct 29, 2014",7:30p,,Box Score,,Brooklyn Nets,W,,121,105,1,0,W 1,
2,"Sat, Nov 1, 2014",8:00p,,Box Score,@,Houston Rockets,L,,90,104,1,1,L 1,
3,"Mon, Nov 3, 2014",8:30p,,Box Score,@,Dallas Mavericks,L,,113,118,1,2,L 2,
4,"Wed, Nov 5, 2014",7:30p,,Box Score,,Toronto Raptors,L,,107,110,1,3,L 3,
5,"Fri, Nov 7, 2014",7:30p,,Box Score,,Indiana Pacers,W,,101,98,2,3,W 1,
6,"Sat, Nov 8, 2014",8:00p,,Box Score,@,Chicago Bulls,W,,106,101,3,3,W 2,
7,"Wed, Nov 12, 2014",7:30p,,Box Score,,Oklahoma City Thunder,L,,94,109,3,4,L 1,
8,"Fri, Nov 14, 2014",7:30p,,Box Score,,Cleveland Cavaliers,L,,121,122,3,5,L 2,
9,"Mon, Nov 17, 2014",7:30p,,Box Score,,Phoenix Suns,L,,114,118,3,6,L 3,
10,"Wed, Nov 19, 2014",7:00p,,Box Score,@,Philadelphia 76ers,W,,101,90,4,6,W 1,
11,"Fri, Nov 21, 2014",8:00p,,Box Score,@,Memphis Grizzlies,L,,100,117,4,7,L 1,
12,"Sun, Nov 23, 2014",6:00p,,Box Score,,Portland Trail Blazers,L,,88,94,4,8,L 2,
13,"Fri, Nov 28, 2014",1:00p,,Box Score,,Chicago Bulls,L,,102,109,4,9,L 3,
14,"Sun, Nov 30, 2014",1:00p,,Box Score,,San Antonio Spurs,L,,89,111,4,10,L 4,
15,"Tue, Dec 2, 2014",7:30p,,Box Score,@,Atlanta Hawks,L,,105,109,4,11,L 5,
16,"Wed, Dec 3, 2014",7:30p,,Box Score,,Detroit Pistons,W,OT,109,102,5,11,W 1,
17,"Fri, Dec 5, 2014",7:30p,,Box Score,,Los Angeles Lakers,W,,113,96,6,11,W 2,
18,"Sun, Dec 7, 2014",1:00p,,Box Score,,Washington Wizards,W,,101,93,7,11,W 3,
19,"Mon, Dec 8, 2014",7:00p,,Box Score,@,Washington Wizards,L,2OT,132,133,7,12,L 1,
20,"Wed, Dec 10, 2014",7:00p,,Box Score,@,Charlotte Hornets,L,,87,96,7,13,L 2,
21,"Fri, Dec 12, 2014",7:30p,,Box Score,,New York Knicks,L,,95,101,7,14,L 3,
22,"Mon, Dec 15, 2014",7:00p,,Box Score,@,Philadelphia 76ers,W,,105,87,8,14,W 1,
23,"Wed, Dec 17, 2014",7:30p,,Box Score,,Orlando Magic,W,,109,92,9,14,W 2,
24,"Fri, Dec 19, 2014",7:30p,,Box Score,,Minnesota Timberwolves,W,,114,98,10,14,W 3,
25,"Sun, Dec 21, 2014",6:00p,,Box Score,@,Miami Heat,L,,84,100,10,15,L 1,
26,"Tue, Dec 23, 2014",7:00p,,Box Score,@,Orlando Magic,L,,95,100,10,16,L 2,
27,"Fri, Dec 26, 2014",1:00p,,Box Score,,Brooklyn Nets,L,,107,109,10,17,L 3,
28,"Sat, Dec 27, 2014",7:00p,,Box Score,@,Washington Wizards,L,,88,101,10,18,L 4,
29,"Wed, Dec 31, 2014",1:00p,,Box Score,,Sacramento Kings,W,,106,84,11,18,W 1,
30,"Fri, Jan 2, 2015",7:30p,,Box Score,,Dallas Mavericks,L,,101,119,11,19,L 1,
31,"Sat, Jan 3, 2015",8:00p,,Box Score,@,Chicago Bulls,L,OT,104,109,11,20,L 2,
32,"Mon, Jan 5, 2015",7:30p,,Box Score,,Charlotte Hornets,L,,95,104,11,21,L 3,
33,"Wed, Jan 7, 2015",7:30p,,Box Score,@,Brooklyn Nets,W,,89,81,12,21,W 1,
34,"Fri, Jan 9, 2015",7:00p,,Box Score,@,Indiana Pacers,L,OT,103,107,12,22,L 1,
35,"Sat, Jan 10, 2015",7:30p,,Box Score,@,Toronto Raptors,L,,96,109,12,23,L 2,
36,"Mon, Jan 12, 2015",7:30p,,Box Score,,New Orleans Pelicans,W,,108,100,13,23,W 1,
37,"Wed, Jan 14, 2015",8:00p,,Box Score,,Atlanta Hawks,L,,91,105,13,24,L 1,
38,"Fri, Jan 16, 2015",7:30p,,Box Score,,Chicago Bulls,L,,103,119,13,25,L 2,
39,"Mon, Jan 19, 2015",3:30p,,Box Score,@,Los Angeles Clippers,L,,93,102,13,26,L 3,
40,"Thu, Jan 22, 2015",10:00p,,Box Score,@,Portland Trail Blazers,W,,90,89,14,26,W 1,
41,"Fri, Jan 23, 2015",9:00p,,Box Score,@,Denver Nuggets,W,,100,99,15,26,W 2,
42,"Sun, Jan 25, 2015",8:00p,,Box Score,@,Golden State Warriors,L,,111,114,15,27,L 1,
43,"Mon, Jan 26, 2015",9:00p,,Box Score,@,Utah Jazz,W,,99,90,16,27,W 1,
44,"Wed, Jan 28, 2015",8:00p,,Box Score,@,Minnesota Timberwolves,L,,98,110,16,28,L 1,
45,"Fri, Jan 30, 2015",7:30p,,Box Score,,Houston Rockets,L,,87,93,16,29,L 2,
46,"Sun, Feb 1, 2015",1:00p,,Box Score,,Miami Heat,L,,75,83,16,30,L 3,
47,"Tue, Feb 3, 2015",7:30p,,Box Score,@,New York Knicks,W,,108,97,17,30,W 1,
48,"Wed, Feb 4, 2015",7:30p,,Box Score,,Denver Nuggets,W,,104,100,18,30,W 2,
49,"Fri, Feb 6, 2015",7:30p,,Box Score,,Philadelphia 76ers,W,,107,96,19,30,W 3,
50,"Sat, Feb 7, 2015",8:30p,,Box Score,@,Milwaukee Bucks,L,,93,96,19,31,L 1,
51,"Wed, Feb 11, 2015",7:30p,,Box Score,,Atlanta Hawks,W,,89,88,20,31,W 1,
52,"Fri, Feb 20, 2015",10:00p,,Box Score,@,Sacramento Kings,L,,101,109,20,32,L 1,
53,"Sun, Feb 22, 2015",9:30p,,Box Score,@,Los Angeles Lakers,L,OT,111,118,20,33,L 2,
54,"Mon, Feb 23, 2015",9:00p,,Box Score,@,Phoenix Suns,W,,115,110,21,33,W 1,
55,"Wed, Feb 25, 2015",7:30p,,Box Score,,New York Knicks,W,,115,94,22,33,W 2,
56,"Fri, Feb 27, 2015",7:30p,,Box Score,,Charlotte Hornets,W,,106,98,23,33,W 3,
57,"Sun, Mar 1, 2015",6:00p,,Box Score,,Golden State Warriors,L,,101,106,23,34,L 1,
58,"Tue, Mar 3, 2015",7:00p,,Box Score,@,Cleveland Cavaliers,L,,79,110,23,35,L 2,
59,"Wed, Mar 4, 2015",7:30p,,Box Score,,Utah Jazz,W,,85,84,24,35,W 1,
60,"Fri, Mar 6, 2015",8:00p,,Box Score,@,New Orleans Pelicans,W,,104,98,25,35,W 2,
61,"Sun, Mar 8, 2015",6:00p,,Box Score,@,Orlando Magic,L,,98,103,25,36,L 1,
62,"Mon, Mar 9, 2015",7:30p,,Box Score,@,Miami Heat,W,,100,90,26,36,W 1,
63,"Wed, Mar 11, 2015",7:30p,,Box Score,,Memphis Grizzlies,W,,95,92,27,36,W 2,
64,"Fri, Mar 13, 2015",7:30p,,Box Score,,Orlando Magic,W,,95,88,28,36,W 3,
65,"Sat, Mar 14, 2015",7:00p,,Box Score,@,Indiana Pacers,W,,93,89,29,36,W 4,
66,"Mon, Mar 16, 2015",7:30p,,Box Score,,Philadelphia 76ers,W,,108,89,30,36,W 5,
67,"Wed, Mar 18, 2015",8:00p,,Box Score,@,Oklahoma City Thunder,L,,118,122,30,37,L 1,
68,"Fri, Mar 20, 2015",8:30p,,Box Score,@,San Antonio Spurs,L,,89,101,30,38,L 2,
69,"Sun, Mar 22, 2015",6:00p,,Box Score,,Detroit Pistons,L,OT,97,105,30,39,L 3,
70,"Mon, Mar 23, 2015",7:30p,NBATV,Box Score,@,Brooklyn Nets,W,,110,91,31,39,W 1,
71,"Wed, Mar 25, 2015",7:30p,,Box Score,,Miami Heat,L,,86,93,31,40,L 1,
72,"Fri, Mar 27, 2015",7:30p,,Box Score,@,New York Knicks,W,,96,92,32,40,W 1,
73,"Sun, Mar 29, 2015",6:00p,,Box Score,,Los Angeles Clippers,L,,106,119,32,41,L 1,
74,"Mon, Mar 30, 2015",7:00p,,Box Score,@,Charlotte Hornets,W,,116,104,33,41,W 1,
75,"Wed, Apr 1, 2015",7:30p,,Box Score,,Indiana Pacers,W,,100,87,34,41,W 2,
76,"Fri, Apr 3, 2015",7:30p,,Box Score,,Milwaukee Bucks,L,,101,110,34,42,L 1,
77,"Sat, Apr 4, 2015",7:30p,,Box Score,@,Toronto Raptors,W,OT,117,116,35,42,W 1,
78,"Wed, Apr 8, 2015",7:00p,,Box Score,@,Detroit Pistons,W,,113,103,36,42,W 2,
79,"Fri, Apr 10, 2015",7:30p,,Box Score,@,Cleveland Cavaliers,W,,99,90,37,42,W 3,
80,"Sun, Apr 12, 2015",3:00p,,Box Score,,Cleveland Cavaliers,W,,117,78,38,42,W 4,
81,"Tue, Apr 14, 2015",7:30p,,Box Score,,Toronto Raptors,W,,95,93,39,42,W 5,
82,"Wed, Apr 15, 2015",8:00p,,Box Score,@,Milwaukee Bucks,W,,105,100,40,42,W 6,
1,"Wed, Oct 28, 2015",7:30p,,Box Score,,Philadelphia 76ers,W,,112,95,1,0,W 1,
2,"Fri, Oct 30, 2015",7:30p,,Box Score,,Toronto Raptors,L,,103,113,1,1,L 1,
3,"Sun, Nov 1, 2015",3:30p,,Box Score,,San Antonio Spurs,L,,87,95,1,2,L 2,
4,"Wed, Nov 4, 2015",7:00p,,Box Score,@,Indiana Pacers,L,,98,100,1,3,L 3,
5,"Fri, Nov 6, 2015",7:30p,,Box Score,,Washington Wizards,W,,118,98,2,3,W 1,
6,"Tue, Nov 10, 2015",8:00p,,Box Score,@,Milwaukee Bucks,W,,99,83,3,3,W 2,
7,"Wed, Nov 11, 2015",7:30p,,Box Score,,Indiana Pacers,L,,91,102,3,4,L 1,
8,"Fri, Nov 13, 2015",7:30p,,Box Score,,Atlanta Hawks,W,,106,93,4,4,W 1,
9,"Sun, Nov 15, 2015",7:00p,,Box Score,@,Oklahoma City Thunder,W,,100,85,5,4,W 2,
10,"Mon, Nov 16, 2015",8:00p,,Box Score,@,Houston Rockets,W,,111,95,6,4,W 3,
11,"Wed, Nov 18, 2015",7:30p,,Box Score,,Dallas Mavericks,L,,102,106,6,5,L 1,
12,"Fri, Nov 20, 2015",7:30p,,Box Score,,Brooklyn Nets,W,,120,95,7,5,W 1,
13,"Sun, Nov 22, 2015",6:00p,,Box Score,@,Brooklyn Nets,L,,101,111,7,6,L 1,
14,"Tue, Nov 24, 2015",8:00p,,Box Score,@,Atlanta Hawks,L,,97,121,7,7,L 2,
15,"Wed, Nov 25, 2015",7:30p,,Box Score,,Philadelphia 76ers,W,,84,80,8,7,W 1,
16,"Fri, Nov 27, 2015",7:30p,,Box Score,,Washington Wizards,W,,111,78,9,7,W 2,
17,"Sun, Nov 29, 2015",6:00p,,Box Score,@,Orlando Magic,L,,91,110,9,8,L 1,
18,"Mon, Nov 30, 2015",7:30p,,Box Score,@,Miami Heat,W,,105,95,10,8,W 1,
19,"Thu, Dec 3, 2015",10:00p,,Box Score,@,Sacramento Kings,W,,114,97,11,8,W 2,"at Mexico City, Mexico"
20,"Sat, Dec 5, 2015",8:30p,,Box Score,@,San Antonio Spurs,L,,105,108,11,9,L 1,
21,"Mon, Dec 7, 2015",8:00p,,Box Score,@,New Orleans Pelicans,W,,111,93,12,9,W 1,
22,"Wed, Dec 9, 2015",7:00p,,Box Score,,Chicago Bulls,W,,105,100,13,9,W 2,
23,"Fri, Dec 11, 2015",7:30p,,Box Score,,Golden State Warriors,L,2OT,119,124,13,10,L 1,
24,"Sat, Dec 12, 2015",7:00p,,Box Score,@,Charlotte Hornets,W,,98,93,14,10,W 1,
25,"Tue, Dec 15, 2015",7:30p,,Box Score,,Cleveland Cavaliers,L,,77,89,14,11,L 1,
26,"Wed, Dec 16, 2015",7:30p,,Box Score,@,Detroit Pistons,L,,116,119,14,12,L 2,
27,"Fri, Dec 18, 2015",7:30p,,Box Score,,Atlanta Hawks,L,,101,109,14,13,L 3,
28,"Mon, Dec 21, 2015",7:30p,,Box Score,,Minnesota Timberwolves,W,,113,99,15,13,W 1,
29,"Wed, Dec 23, 2015",7:00p,,Box Score,@,Charlotte Hornets,W,,102,89,16,13,W 2,
30,"Sat, Dec 26, 2015",7:30p,,Box Score,@,Detroit Pistons,W,,99,93,17,13,W 3,
31,"Sun, Dec 27, 2015",7:00p,,Box Score,,New York Knicks,W,,100,91,18,13,W 4,
32,"Wed, Dec 30, 2015",7:30p,,Box Score,,Los Angeles Lakers,L,,104,112,18,14,L 1,
33,"Sat, Jan 2, 2016",3:00p,,Box Score,,Brooklyn Nets,L,,97,100,18,15,L 2,
34,"Mon, Jan 4, 2016",7:30p,,Box Score,@,Brooklyn Nets,W,,103,94,19,15,W 1,
35,"Wed, Jan 6, 2016",7:30p,,Box Score,,Detroit Pistons,L,,94,99,19,16,L 1,
36,"Thu, Jan 7, 2016",8:00p,,Box Score,@,Chicago Bulls,L,,92,101,19,17,L 2,
37,"Sun, Jan 10, 2016",6:00p,,Box Score,@,Memphis Grizzlies,L,,98,101,19,18,L 3,
38,"Tue, Jan 12, 2016",7:30p,,Box Score,@,New York Knicks,L,,114,120,19,19,L 4,
39,"Wed, Jan 13, 2016",8:00p,,Box Score,,Indiana Pacers,W,,103,94,20,19,W 1,
40,"Fri, Jan 15, 2016",7:30p,,Box Score,,Phoenix Suns,W,,117,103,21,19,W 2,
41,"Sat, Jan 16, 2016",7:30p,,Box Score,@,Washington Wizards,W,,119,117,22,19,W 3,
42,"Mon, Jan 18, 2016",8:30p,,Box Score,@,Dallas Mavericks,L,OT,113,118,22,20,L 1,
43,"Wed, Jan 20, 2016",7:30p,,Box Score,@,Toronto Raptors,L,,109,115,22,21,L 2,
44,"Fri, Jan 22, 2016",7:30p,,Box Score,,Chicago Bulls,W,,110,101,23,21,W 1,
45,"Sun, Jan 24, 2016",7:00p,,Box Score,@,Philadelphia 76ers,W,,112,92,24,21,W 2,
46,"Mon, Jan 25, 2016",7:00p,,Box Score,@,Washington Wizards,W,,116,91,25,21,W 3,
47,"Wed, Jan 27, 2016",7:30p,,Box Score,,Denver Nuggets,W,,111,103,26,21,W 4,
48,"Fri, Jan 29, 2016",7:30p,,Box Score,,Orlando Magic,W,,113,94,27,21,W 5,
49,"Sun, Jan 31, 2016",6:00p,,Box Score,@,Orlando Magic,L,,114,119,27,22,L 1,
50,"Tue, Feb 2, 2016",7:30p,,Box Score,@,New York Knicks,W,,97,89,28,22,W 1,
51,"Wed, Feb 3, 2016",7:30p,,Box Score,,Detroit Pistons,W,,102,95,29,22,W 2,
52,"Fri, Feb 5, 2016",7:30p,,Box Score,@,Cleveland Cavaliers,W,,104,103,30,22,W 3,
53,"Sun, Feb 7, 2016",1:00p,,Box Score,,Sacramento Kings,W,,128,119,31,22,W 4,
54,"Tue, Feb 9, 2016",8:00p,,Box Score,@,Milwaukee Bucks,L,,111,112,31,23,L 1,
55,"Wed, Feb 10, 2016",7:30p,,Box Score,,Los Angeles Clippers,W,OT,139,134,32,23,W 1,
56,"Fri, Feb 19, 2016",10:30p,,Box Score,@,Utah Jazz,L,,93,111,32,24,L 1,
57,"Sun, Feb 21, 2016",5:00p,,Box Score,@,Denver Nuggets,W,,121,101,33,24,W 1,
58,"Mon, Feb 22, 2016",8:00p,,Box Score,@,Minnesota Timberwolves,L,,122,124,33,25,L 1,
59,"Thu, Feb 25, 2016",7:30p,,Box Score,,Milwaukee Bucks,W,,112,107,34,25,W 1,
60,"Sat, Feb 27, 2016",3:00p,,Box Score,,Miami Heat,W,,101,89,35,25,W 2,
61,"Mon, Feb 29, 2016",7:30p,,Box Score,,Utah Jazz,W,,100,95,36,25,W 3,
62,"Wed, Mar 2, 2016",7:30p,,Box Score,,Portland Trail Blazers,W,,116,93,37,25,W 4,
63,"Fri, Mar 4, 2016",7:30p,,Box Score,,New York Knicks,W,,105,104,38,25,W 5,
64,"Sat, Mar 5, 2016",7:00p,,Box Score,@,Cleveland Cavaliers,L,,103,120,38,26,L 1,
65,"Wed, Mar 9, 2016",7:00p,,Box Score,,Memphis Grizzlies,W,,116,96,39,26,W 1,
66,"Fri, Mar 11, 2016",7:30p,,Box Score,,Houston Rockets,L,,98,102,39,27,L 1,
67,"Tue, Mar 15, 2016",7:00p,,Box Score,@,Indiana Pacers,L,,98,103,39,28,L 2,
68,"Wed, Mar 16, 2016",7:00p,,Box Score,,Oklahoma City Thunder,L,,109,130,39,29,L 3,
69,"Fri, Mar 18, 2016",7:30p,,Box Score,@,Toronto Raptors,L,,91,105,39,30,L 4,
70,"Sun, Mar 20, 2016",6:00p,,Box Score,@,Philadelphia 76ers,W,,120,105,40,30,W 1,
71,"Mon, Mar 21, 2016",7:30p,,Box Score,,Orlando Magic,W,,107,96,41,30,W 2,
72,"Wed, Mar 23, 2016",7:30p,,Box Score,,Toronto Raptors,W,,91,79,42,30,W 3,
73,"Sat, Mar 26, 2016",10:00p,,Box Score,@,Phoenix Suns,W,,102,99,43,30,W 4,
74,"Mon, Mar 28, 2016",10:30p,,Box Score,@,Los Angeles Clippers,L,,90,114,43,31,L 1,
75,"Thu, Mar 31, 2016",10:00p,,Box Score,@,Portland Trail Blazers,L,,109,116,43,32,L 2,
76,"Fri, Apr 1, 2016",10:30p,,Box Score,@,Golden State Warriors,W,,109,106,44,32,W 1,
77,"Sun, Apr 3, 2016",9:30p,,Box Score,@,Los Angeles Lakers,W,,107,100,45,32,W 2,
78,"Wed, Apr 6, 2016",7:30p,,Box Score,,New Orleans Pelicans,W,,104,97,46,32,W 3,
79,"Fri, Apr 8, 2016",7:30p,,Box Score,,Milwaukee Bucks,W,,124,109,47,32,W 4,
80,"Sat, Apr 9, 2016",7:30p,,Box Score,@,Atlanta Hawks,L,,107,118,47,33,L 1,
81,"Mon, Apr 11, 2016",7:30p,,Box Score,,Charlotte Hornets,L,,100,114,47,34,L 2,
82,"Wed, Apr 13, 2016",8:00p,,Box Score,,Miami Heat,W,,98,88,48,34,W 1,
1,"Wed, Oct 26, 2016",7:30p,,Box Score,,Brooklyn Nets,W,,122,117,1,0,W 1,
2,"Thu, Oct 27, 2016",8:00p,,Box Score,@,Chicago Bulls,L,,99,105,1,1,L 1,
3,"Sat, Oct 29, 2016",7:00p,,Box Score,@,Charlotte Hornets,W,,104,98,2,1,W 1,
4,"Wed, Nov 2, 2016",8:00p,,Box Score,,Chicago Bulls,W,,107,100,3,1,W 2,
5,"Thu, Nov 3, 2016",8:00p,,Box Score,@,Cleveland Cavaliers,L,,122,128,3,2,L 1,
6,"Sun, Nov 6, 2016",7:30p,,Box Score,,Denver Nuggets,L,,107,123,3,3,L 2,
7,"Wed, Nov 9, 2016",7:00p,,Box Score,@,Washington Wizards,L,,93,118,3,4,L 3,
8,"Fri, Nov 11, 2016",7:30p,,Box Score,,New York Knicks,W,,115,87,4,4,W 1,
9,"Sat, Nov 12, 2016",7:00p,,Box Score,@,Indiana Pacers,W,,105,99,5,4,W 2,
10,"Mon, Nov 14, 2016",8:00p,,Box Score,@,New Orleans Pelicans,L,,105,106,5,5,L 1,
11,"Wed, Nov 16, 2016",7:30p,,Box Score,,Dallas Mavericks,W,,90,83,6,5,W 1,
12,"Fri, Nov 18, 2016",8:00p,,Box Score,,Golden State Warriors,L,,88,104,6,6,L 1,
13,"Sat, Nov 19, 2016",7:00p,,Box Score,@,Detroit Pistons,W,,94,92,7,6,W 1,
14,"Mon, Nov 21, 2016",8:00p,,Box Score,@,Minnesota Timberwolves,W,,99,93,8,6,W 2,
15,"Wed, Nov 23, 2016",7:30p,,Box Score,@,Brooklyn Nets,W,,111,92,9,6,W 3,
16,"Fri, Nov 25, 2016",1:00p,,Box Score,,San Antonio Spurs,L,,103,109,9,7,L 1,
17,"Mon, Nov 28, 2016",7:30p,,Box Score,@,Miami Heat,W,,112,104,10,7,W 1,
18,"Wed, Nov 30, 2016",7:30p,,Box Score,,Detroit Pistons,L,,114,121,10,8,L 1,
19,"Fri, Dec 2, 2016",7:30p,,Box Score,,Sacramento Kings,W,,97,92,11,8,W 1,
20,"Sat, Dec 3, 2016",7:30p,,Box Score,@,Philadelphia 76ers,W,,107,106,12,8,W 2,
21,"Mon, Dec 5, 2016",8:00p,,Box Score,@,Houston Rockets,L,,106,107,12,9,L 1,
22,"Wed, Dec 7, 2016",7:00p,,Box Score,@,Orlando Magic,W,,117,87,13,9,W 1,
23,"Fri, Dec 9, 2016",7:30p,,Box Score,,Toronto Raptors,L,,94,101,13,10,L 1,
24,"Sun, Dec 11, 2016",7:00p,,Box Score,@,Oklahoma City Thunder,L,,96,99,13,11,L 2,
25,"Wed, Dec 14, 2016",9:30p,,Box Score,@,San Antonio Spurs,L,,101,108,13,12,L 3,
26,"Fri, Dec 16, 2016",7:30p,,Box Score,,Charlotte Hornets,W,,96,88,14,12,W 1,
27,"Sun, Dec 18, 2016",6:00p,,Box Score,@,Miami Heat,W,,105,95,15,12,W 2,
28,"Tue, Dec 20, 2016",8:00p,,Box Score,@,Memphis Grizzlies,W,OT,112,109,16,12,W 3,
29,"Thu, Dec 22, 2016",7:00p,,Box Score,@,Indiana Pacers,W,,109,102,17,12,W 4,
30,"Fri, Dec 23, 2016",7:30p,,Box Score,,Oklahoma City Thunder,L,,112,117,17,13,L 1,
31,"Sun, Dec 25, 2016",12:00p,,Box Score,@,New York Knicks,W,,119,114,18,13,W 1,
32,"Tue, Dec 27, 2016",7:30p,,Box Score,,Memphis Grizzlies,W,,113,103,19,13,W 2,
33,"Thu, Dec 29, 2016",8:00p,,Box Score,@,Cleveland Cavaliers,L,,118,124,19,14,L 1,
34,"Fri, Dec 30, 2016",7:30p,,Box Score,,Miami Heat,W,,117,114,20,14,W 1,
35,"Tue, Jan 3, 2017",7:30p,,Box Score,,Utah Jazz,W,,115,104,21,14,W 2,
36,"Fri, Jan 6, 2017",7:30p,,Box Score,,Philadelphia 76ers,W,,110,106,22,14,W 3,
37,"Sat, Jan 7, 2017",7:30p,,Box Score,,New Orleans Pelicans,W,,117,108,23,14,W 4,
38,"Tue, Jan 10, 2017",7:30p,,Box Score,@,Toronto Raptors,L,,106,114,23,15,L 1,
39,"Wed, Jan 11, 2017",8:00p,,Box Score,,Washington Wizards,W,,117,108,24,15,W 1,
40,"Fri, Jan 13, 2017",8:00p,,Box Score,@,Atlanta Hawks,W,,103,101,25,15,W 2,
41,"Mon, Jan 16, 2017",7:30p,,Box Score,,Charlotte Hornets,W,,108,98,26,15,W 3,
42,"Wed, Jan 18, 2017",7:30p,,Box Score,,New York Knicks,L,,106,117,26,16,L 1,
43,"Sat, Jan 21, 2017",5:00p,,Box Score,,Portland Trail Blazers,L,OT,123,127,26,17,L 2,
44,"Tue, Jan 24, 2017",7:00p,,Box Score,@,Washington Wizards,L,,108,123,26,18,L 3,
45,"Wed, Jan 25, 2017",7:30p,,Box Score,,Houston Rockets,W,,120,109,27,18,W 1,
46,"Fri, Jan 27, 2017",7:30p,,Box Score,,Orlando Magic,W,,128,98,28,18,W 2,
47,"Sat, Jan 28, 2017",8:00p,,Box Score,@,Milwaukee Bucks,W,OT,112,108,29,18,W 3,
48,"Mon, Jan 30, 2017",8:00p,,Box Score,,Detroit Pistons,W,,113,109,30,18,W 4,
49,"Wed, Feb 1, 2017",7:30p,,Box Score,,Toronto Raptors,W,,109,104,31,18,W 5,
50,"Fri, Feb 3, 2017",8:00p,,Box Score,,Los Angeles Lakers,W,,113,107,32,18,W 6,
51,"Sun, Feb 5, 2017",2:00p,,Box Score,,Los Angeles Clippers,W,,107,102,33,18,W 7,
52,"Wed, Feb 8, 2017",10:30p,,Box Score,@,Sacramento Kings,L,,92,108,33,19,L 1,
53,"Thu, Feb 9, 2017",10:30p,,Box Score,@,Portland Trail Blazers,W,,120,111,34,19,W 1,
54,"Sat, Feb 11, 2017",10:00p,,Box Score,@,Utah Jazz,W,,112,104,35,19,W 2,
55,"Mon, Feb 13, 2017",8:30p,,Box Score,@,Dallas Mavericks,W,,111,98,36,19,W 3,
56,"Wed, Feb 15, 2017",7:30p,,Box Score,,Philadelphia 76ers,W,,116,108,37,19,W 4,
57,"Thu, Feb 16, 2017",8:00p,,Box Score,@,Chicago Bulls,L,,103,104,37,20,L 1,
58,"Fri, Feb 24, 2017",8:00p,,Box Score,@,Toronto Raptors,L,,97,107,37,21,L 2,
59,"Sun, Feb 26, 2017",6:00p,,Box Score,@,Detroit Pistons,W,,104,98,38,21,W 1,
60,"Mon, Feb 27, 2017",7:30p,,Box Score,,Atlanta Hawks,L,,98,114,38,22,L 1,
61,"Wed, Mar 1, 2017",8:00p,,Box Score,,Cleveland Cavaliers,W,,103,99,39,22,W 1,
62,"Fri, Mar 3, 2017",10:30p,,Box Score,@,Los Angeles Lakers,W,,115,95,40,22,W 2,
63,"Sun, Mar 5, 2017",5:00p,,Box Score,@,Phoenix Suns,L,,106,109,40,23,L 1,
64,"Mon, Mar 6, 2017",10:30p,,Box Score,@,Los Angeles Clippers,L,,102,116,40,24,L 2,
65,"Wed, Mar 8, 2017",10:30p,,Box Score,@,Golden State Warriors,W,,99,86,41,24,W 1,
66,"Fri, Mar 10, 2017",9:00p,,Box Score,@,Denver Nuggets,L,,99,119,41,25,L 1,
67,"Sun, Mar 12, 2017",3:30p,,Box Score,,Chicago Bulls,W,,100,80,42,25,W 1,
68,"Wed, Mar 15, 2017",7:30p,,Box Score,,Minnesota Timberwolves,W,,117,104,43,25,W 2,
69,"Fri, Mar 17, 2017",7:30p,,Box Score,@,Brooklyn Nets,W,,98,95,44,25,W 3,
70,"Sun, Mar 19, 2017",1:00p,,Box Score,@,Philadelphia 76ers,L,,99,105,44,26,L 1,
71,"Mon, Mar 20, 2017",7:30p,,Box Score,,Washington Wizards,W,,110,102,45,26,W 1,
72,"Wed, Mar 22, 2017",7:30p,,Box Score,,Indiana Pacers,W,,109,100,46,26,W 2,
73,"Fri, Mar 24, 2017",7:30p,,Box Score,,Phoenix Suns,W,,130,120,47,26,W 3,
74,"Sun, Mar 26, 2017",6:00p,,Box Score,,Miami Heat,W,,112,108,48,26,W 4,
75,"Wed, Mar 29, 2017",7:30p,,Box Score,,Milwaukee Bucks,L,,100,103,48,27,L 1,
76,"Fri, Mar 31, 2017",7:30p,,Box Score,,Orlando Magic,W,,117,116,49,27,W 1,
77,"Sun, Apr 2, 2017",1:00p,,Box Score,@,New York Knicks,W,,110,94,50,27,W 2,
78,"Wed, Apr 5, 2017",8:00p,,Box Score,,Cleveland Cavaliers,L,,91,114,50,28,L 1,
79,"Thu, Apr 6, 2017",8:00p,,Box Score,@,Atlanta Hawks,L,,116,123,50,29,L 2,
80,"Sat, Apr 8, 2017",6:00p,,Box Score,@,Charlotte Hornets,W,,121,114,51,29,W 1,
81,"Mon, Apr 10, 2017",7:30p,,Box Score,,Brooklyn Nets,W,,114,105,52,29,W 2,
82,"Wed, Apr 12, 2017",8:00p,,Box Score,,Milwaukee Bucks,W,,112,94,53,29,W 3,