﻿Gm#,Year,Date,,Tm,,Opp,W/L,R,RA,Inn,W-L,Rank,GB,Win,Loss,Save,Time,D/N,Attendance,Streak,Orig. Scheduled
1,2016,"Tuesday, Apr 5",boxscore,BOS,@,CLE,W,6,2,,Jan-00,1,Tied,Price,Kluber,,3:13,D,"34,493",+,2016-04-04 (Cold)
2,2016,"Wednesday, Apr 6",boxscore,BOS,@,CLE,L,6,7,,1-Jan,2,1,McAllister,Tazawa,Allen,3:29,N,"10,298",-,
3,2016,"Friday, Apr 8",boxscore,BOS,@,TOR,W,8,7,,1-Feb,2,1.5,Barnes,Storen,Kimbrel,3:24,N,"48,871",+,
4,2016,"Saturday, Apr 9",boxscore,BOS,@,TOR,W,8,4,,1-Mar,2,1,Porcello,Dickey,,2:48,D,"47,138",++,
5,2016,"Sunday, Apr 10",boxscore,BOS,@,TOR,L,0,3,,2-Mar,2,2,Estrada,Wright,Osuna,2:27,D,"46,158",-,
6,2016,"Monday, Apr 11",boxscore,BOS,,BAL,L,7,9,,3-Mar,3,3,Brach,Kimbrel,Britton,3:26,D,"37,160",--,
7,2016,"Tuesday, Apr 12",boxscore,BOS,,BAL,L,5,9,,4-Mar,3,4,Wright,Buchholz,,3:23,N,"31,114",---,
8,2016,"Wednesday, Apr 13",boxscore,BOS,,BAL,W,4,2,,4-Apr,3,3,Kelly,Jimenez,Kimbrel,3:13,N,"31,011",+,
9,2016,"Friday, Apr 15",boxscore,BOS,,TOR,W,5,3,,4-May,2,2.5,Porcello,Dickey,Kimbrel,3:02,N,"31,415",++,
10,2016,"Saturday, Apr 16",boxscore,BOS,,TOR,W,4,2,,4-Jun,2,1.5,Price,Estrada,Kimbrel,2:43,D,"36,267",+++,
11,2016,"Sunday, Apr 17",boxscore,BOS,,TOR,L,3,5,,5-Jun,2,2,Sanchez,Wright,,3:09,D,"37,217",-,
12,2016,"Monday, Apr 18",boxscore,BOS,,TOR,L,3,4,,6-Jun,2,2.5,Happ,Uehara,Storen,3:12,D,"37,168",--,
13,2016,"Tuesday, Apr 19",boxscore,BOS,,TBR,L,0,3,10,7-Jun,3,2.5,Ramirez,Barnes,Colome,3:25,N,"32,061",---,
14,2016,"Wednesday, Apr 20",boxscore,BOS,,TBR,W,7,3,,7-Jul,2,2.5,Porcello,Archer,,3:02,N,"31,689",+,
15,2016,"Thursday, Apr 21",boxscore,BOS,,TBR,L,8,12,,8-Jul,2,3.5,Ramirez,Cuevas,Colome,4:16,D,"37,954",-,
16,2016,"Friday, Apr 22",boxscore,BOS,@,HOU,W,6,2,,8-Aug,2,2.5,Wright,McHugh,Kimbrel,3:28,N,"26,672",+,
17,2016,"Saturday, Apr 23",boxscore,BOS,@,HOU,L,3,8,,9-Aug,2,3.5,Fiers,Buchholz,,3:28,D,"40,232",-,
18,2016,"Sunday, Apr 24",boxscore,BOS,@,HOU,W,7,5,12,9-Sep,2,2.5,Hembree,Giles,,5:03,N,"32,416",+,
19,2016,"Monday, Apr 25",boxscore,BOS,@,ATL,W,1,0,,9-Oct,2,1.5,Porcello,Teheran,Kimbrel,2:55,N,"22,735",++,
20,2016,"Tuesday, Apr 26",boxscore,BOS,@,ATL,W,11,4,,9-Nov,2,0.5,Price,Wisler,,2:52,N,"23,487",+++,
21,2016,"Wednesday, Apr 27",boxscore,BOS,,ATL,W,9,4,,9-Dec,2,0.5,Wright,Norris,,3:02,N,"33,380",++++,
22,2016,"Thursday, Apr 28",boxscore,BOS,,ATL,L,3,5,,10-Dec,2,1.5,Chacin,Buchholz,Vizcaino,3:22,N,"32,232",-,
23,2016,"Friday, Apr 29",boxscore,BOS,,NYY,W,4,2,,13-10,2,1.5,Uehara,Betances,Kimbrel,2:50,N,"37,115",+,
24,2016,"Saturday, Apr 30",boxscore,BOS,,NYY,W,8,0,,14-10,2,0.5,Porcello,Pineda,,3:30,N,"37,901",++,
25,2016,"Sunday, May 1",boxscore,BOS,,NYY,W,8,7,,15-10,1,up 0.5,Price,Nova,Kimbrel,3:17,N,"34,279",+++,
26,2016,"Tuesday, May 3",boxscore,BOS,@,CHW,L,1,4,,15-11,2,0.5,Quintana,Wright,Robertson,2:53,N,"15,025",-,
27,2016,"Wednesday, May 4",boxscore,BOS,@,CHW,W,5,2,,16-11,1,up 0.5,Buchholz,Rodon,Kimbrel,2:46,N,"14,383",+,
28,2016,"Thursday, May 5",boxscore,BOS,@,CHW,W,7,3,,17-11,1,up 0.5,Barnes,Johnson,,3:57,N,"20,126",++,
29,2016,"Friday, May 6",boxscore,BOS,@,NYY,L,2,3,,17-12,1,Tied,Yates,Porcello,Miller,3:10,N,"45,756",-,
30,2016,"Saturday, May 7",boxscore,BOS,@,NYY,L,2,8,,17-13,2,0.5,Eovaldi,Price,,3:09,D,"47,822",--,
31,2016,"Sunday, May 8",boxscore,BOS,@,NYY,W,5,1,,18-13,2,0.5,Wright,Severino,,2:27,N,"41,869",+,
32,2016,"Monday, May 9",boxscore,BOS,,OAK,W,14,7,,19-13,1,Tied,Buchholz,Gray,,3:46,N,"35,227",++,
33,2016,"Tuesday, May 10",boxscore,BOS,,OAK,W,13,5,,20-13,1,Tied,O'Sullivan,Manaea,,3:07,N,"32,167",+++,
34,2016,"Wednesday, May 11",boxscore,BOS,,OAK,W,13,3,,21-13,1,Tied,Porcello,Surkamp,,3:17,N,"33,283",++++,
35,2016,"Thursday, May 12",boxscore,BOS,,HOU,W,11,1,,22-13,1,Tied,Price,Keuchel,,2:56,N,"34,982",+++++,
36,2016,"Friday, May 13",boxscore,BOS,,HOU,L,6,7,,22-14,2,1,Feldman,Barnes,Gregerson,3:49,N,"33,148",-,
37,2016,"Saturday, May 14",boxscore,BOS,,HOU,W-wo,6,5,11,23-14,2,1,Uehara,Feliz,,4:13,D,"37,430",+,
38,2016,"Sunday, May 15",boxscore,BOS,,HOU,W,10,9,,24-14,1,Tied,Hembree,Feldman,Kimbrel,3:40,D,"35,736",++,
39,2016,"Tuesday, May 17",boxscore,BOS,@,KCR,L,4,8,,24-15,1,Tied,Ventura,Porcello,,2:54,N,"25,215",-,
40,2016,"Wednesday, May 18 (1)",boxscore,BOS,@,KCR,L,2,3,,24-16,2,0.5,Flynn,Wright,Davis,2:23,D,"33,613",--,
41,2016,"Wednesday, May 18 (2)",boxscore,BOS,@,KCR,W,5,2,,25-16,2,0.5,Price,Volquez,Kimbrel,3:06,N,"23,739",+,2016-05-16 (Rain)
42,2016,"Friday, May 20",boxscore,BOS,,CLE,L,2,4,,25-17,2,1,Kluber,Buchholz,Allen,3:07,N,"37,354",-,
43,2016,"Saturday, May 21",boxscore,BOS,,CLE,W,9,1,,26-17,2,1,Kelly,Bauer,,3:17,D,"37,254",+,
44,2016,"Sunday, May 22",boxscore,BOS,,CLE,W,5,2,,27-17,1,Tied,Porcello,Salazar,Kimbrel,3:23,D,"36,021",++,
45,2016,"Tuesday, May 24",boxscore,BOS,,COL,W,8,3,,28-17,1,up 1.0,Price,De La Rosa,,2:55,N,"36,123",+++,
46,2016,"Wednesday, May 25",boxscore,BOS,,COL,W,10,3,,29-17,1,up 2.0,Wright,Bettis,,3:09,N,"36,430",++++,
47,2016,"Thursday, May 26",boxscore,BOS,,COL,L,2,8,,29-18,1,up 2.0,Gray,Buchholz,,2:51,N,"36,162",-,
48,2016,"Friday, May 27",boxscore,BOS,@,TOR,L,5,7,,29-19,1,up 1.0,Biagini,Uehara,Osuna,2:53,N,"46,470",--,
49,2016,"Saturday, May 28",boxscore,BOS,@,TOR,L-wo,9,10,,29-20,1,up 1.0,Floyd,Kimbrel,,3:37,D,"48,154",---,
50,2016,"Sunday, May 29",boxscore,BOS,@,TOR,W,5,3,11,30-20,1,up 1.0,Buchholz,Floyd,Uehara,4:07,D,"47,916",+,
51,2016,"Monday, May 30",boxscore,BOS,@,BAL,W,7,2,,31-20,1,up 2.0,Wright,Wilson,,2:54,D,"43,926",++,
52,2016,"Tuesday, May 31",boxscore,BOS,@,BAL,W,6,2,,32-20,1,up 3.0,Rodriguez,Gausman,,2:48,N,"17,664",+++,
53,2016,"Wednesday, Jun 1",boxscore,BOS,@,BAL,L,9,13,,32-21,1,up 2.0,Brach,Buchholz,Britton,3:58,N,"20,750",-,
54,2016,"Thursday, Jun 2",boxscore,BOS,@,BAL,L,7,12,,32-22,1,up 1.0,Givens,Ross,,2:57,N,"21,534",--,
55,2016,"Friday, Jun 3",boxscore,BOS,,TOR,L,2,5,,32-23,1,Tied,Dickey,Price,Osuna,3:10,N,"37,129",---,
56,2016,"Saturday, Jun 4",boxscore,BOS,,TOR,W,6,4,,33-23,1,up 1.0,Wright,Stroman,Kimbrel,3:08,D,"37,762",+,
57,2016,"Sunday, Jun 5",boxscore,BOS,,TOR,L,4,5,,33-24,1,Tied,Estrada,Rodriguez,,2:44,D,"35,823",-,
58,2016,"Tuesday, Jun 7",boxscore,BOS,@,SFG,W,5,3,10,34-24,2,0.5,Tazawa,Casilla,Kimbrel,3:04,N,"41,512",+,
59,2016,"Wednesday, Jun 8",boxscore,BOS,@,SFG,L,1,2,,34-25,2,1.5,Gearrin,Price,Strickland,2:45,N,"41,635",-,
60,2016,"Friday, Jun 10",boxscore,BOS,@,MIN,W,8,1,,35-25,2,1,Wright,Duffey,,3:00,N,"22,786",+,
61,2016,"Saturday, Jun 11",boxscore,BOS,@,MIN,W,15,4,,36-25,1,Tied,Hembree,Gibson,,3:45,D,"28,633",++,
62,2016,"Sunday, Jun 12",boxscore,BOS,@,MIN,L-wo,4,7,10,36-26,1,Tied,Tonkin,Barnes,,3:28,D,"26,087",-,
63,2016,"Tuesday, Jun 14",boxscore,BOS,,BAL,L,2,3,,36-27,2,1,Tillman,Price,Britton,2:47,N,"38,009",--,
64,2016,"Wednesday, Jun 15",boxscore,BOS,,BAL,W,6,4,,37-27,1,Tied,Wright,Gausman,Kimbrel,2:58,N,"36,233",+,
65,2016,"Thursday, Jun 16",boxscore,BOS,,BAL,L,1,5,,37-28,2,1,Wilson,Rodriguez,,2:53,N,"36,757",-,
66,2016,"Friday, Jun 17",boxscore,BOS,,SEA,L,4,8,,37-29,2,1,Iwakuma,Elias,Cishek,2:49,N,"35,896",--,
67,2016,"Saturday, Jun 18",boxscore,BOS,,SEA,W,6,2,,38-29,2,1,Porcello,Sampson,,2:53,D,"37,195",+,
68,2016,"Sunday, Jun 19",boxscore,BOS,,SEA,W,2,1,,39-29,2,1,Price,Diaz,Kimbrel,3:05,D,"37,211",++,
69,2016,"Monday, Jun 20",boxscore,BOS,,CHW,L,1,3,10,39-30,2,1,Duke,Kimbrel,Robertson,3:33,N,"36,291",-,
70,2016,"Tuesday, Jun 21",boxscore,BOS,,CHW,L,1,3,,39-31,2,1,Sale,Buchholz,Robertson,2:54,N,"36,544",--,
71,2016,"Wednesday, Jun 22",boxscore,BOS,,CHW,L,6,8,,39-32,2,2,Jennings,Uehara,Duke,3:38,N,"37,413",---,
72,2016,"Thursday, Jun 23",boxscore,BOS,,CHW,W-wo,8,7,10,40-32,2,1.5,Kimbrel,Purke,,4:25,D,"37,790",+,
73,2016,"Friday, Jun 24",boxscore,BOS,@,TEX,W,8,7,,41-32,2,1.5,Hembree,Bush,Uehara,3:48,N,"46,811",++,
74,2016,"Saturday, Jun 25",boxscore,BOS,@,TEX,L,3,10,,41-33,2,3,Ramos,Wright,,3:30,N,"47,559",-,
75,2016,"Sunday, Jun 26",boxscore,BOS,@,TEX,L,2,6,,41-34,2,4,Perez,Buchholz,,3:04,D,"36,312",--,
76,2016,"Monday, Jun 27",boxscore,BOS,@,TBR,L,7,13,,41-35,2,4.5,Snell,Rodriguez,,3:29,N,"18,024",---,
77,2016,"Tuesday, Jun 28",boxscore,BOS,@,TBR,W,8,2,,42-35,2,4.5,Porcello,Archer,,3:11,N,"16,986",+,
78,2016,"Wednesday, Jun 29",boxscore,BOS,@,TBR,L,0,4,,42-36,2,5.5,Moore,Price,,2:49,D,"24,110",-,
79,2016,"Friday, Jul 1",boxscore,BOS,,LAA,W,5,4,,43-36,2,4,Wright,Chacin,Kimbrel,3:36,N,"37,117",+,
80,2016,"Saturday, Jul 2",boxscore,BOS,,LAA,L,2,21,,43-37,2,4,Santiago,Buchholz,,3:38,N,"36,552",-,
81,2016,"Sunday, Jul 3",boxscore,BOS,,LAA,W,10,5,,44-37,2,3,O'Sullivan,Shoemaker,,3:52,D,"36,801",+,
82,2016,"Monday, Jul 4",boxscore,BOS,,TEX,W,12,5,,45-37,2,2,Porcello,Martinez,,3:40,D,"36,253",++,
83,2016,"Tuesday, Jul 5",boxscore,BOS,,TEX,L,2,7,,45-38,3,3,Ramos,Price,,3:21,N,"35,964",-,
84,2016,"Wednesday, Jul 6",boxscore,BOS,,TEX,W,11,6,,46-38,3,3,Wright,Perez,,3:19,N,"37,175",+,
85,2016,"Friday, Jul 8",boxscore,BOS,,TBR,W,6,5,,47-38,3,2,Ross,Archer,Uehara,3:20,N,"37,739",++,
86,2016,"Saturday, Jul 9",boxscore,BOS,,TBR,W,4,1,,48-38,2,2,Porcello,Moore,Uehara,2:43,D,"36,900",+++,
87,2016,"Sunday, Jul 10",boxscore,BOS,,TBR,W,4,0,,49-38,2,2,Price,Odorizzi,,2:31,D,"36,669",++++,
88,2016,"Friday, Jul 15",boxscore,BOS,@,NYY,W,5,3,,50-38,2,2,Wright,Pineda,Uehara,3:05,N,"47,439",+++++,
89,2016,"Saturday, Jul 16",boxscore,BOS,@,NYY,W,5,2,,51-38,2,2,Rodriguez,Sabathia,Uehara,2:56,D,"48,329",++++++,
90,2016,"Sunday, Jul 17",boxscore,BOS,@,NYY,L,1,3,,51-39,2,2,Tanaka,Price,Chapman,2:57,N,"42,884",-,
91,2016,"Tuesday, Jul 19",boxscore,BOS,,SFG,W,4,0,,52-39,2,0.5,Porcello,Peavy,,2:42,N,"38,082",+,
92,2016,"Wednesday, Jul 20",boxscore,BOS,,SFG,W,11,7,,53-39,1,up 0.5,Barnes,Cain,,3:46,N,"38,201",++,
93,2016,"Thursday, Jul 21",boxscore,BOS,,MIN,W,13,2,,54-39,1,up 0.5,Wright,Duffey,,2:45,N,"37,566",+++,
94,2016,"Friday, Jul 22",boxscore,BOS,,MIN,L,1,2,,54-40,2,0.5,Gibson,Rodriguez,Kintzler,3:00,N,"37,001",-,
95,2016,"Saturday, Jul 23",boxscore,BOS,,MIN,L,9,11,,54-41,2,1.5,Pressly,Layne,Kintzler,4:11,N,"37,600",--,
96,2016,"Sunday, Jul 24",boxscore,BOS,,MIN,W,8,7,,55-41,2,1.5,Porcello,Milone,Ziegler,3:15,D,"36,806",+,
97,2016,"Monday, Jul 25",boxscore,BOS,,DET,L,2,4,,55-42,2,2.5,Verlander,Pomeranz,Rodriguez,3:27,N,"37,479",-,
98,2016,"Tuesday, Jul 26",boxscore,BOS,,DET,L,8,9,,55-43,3,2.5,Wilson,Ross,Rodriguez,3:33,N,"38,378",--,
99,2016,"Wednesday, Jul 27",boxscore,BOS,,DET,L,3,4,,55-44,3,2.5,Rondon,Ziegler,Wilson,2:55,D,"37,842",---,
100,2016,"Thursday, Jul 28",boxscore,BOS,@,LAA,L-wo,1,2,,55-45,3,2.5,Bedrosian,Ziegler,,3:05,N,"41,257",----,
101,2016,"Friday, Jul 29",boxscore,BOS,@,LAA,W,6,2,,56-45,3,1.5,Porcello,Lincecum,,2:30,N,"39,113",+,
102,2016,"Saturday, Jul 30",boxscore,BOS,@,LAA,L,2,5,,56-46,3,2,Santiago,Pomeranz,Street,3:06,N,"43,150",-,
103,2016,"Sunday, Jul 31",boxscore,BOS,@,LAA,W,5,3,,57-46,3,1.5,Buchholz,Street,Ziegler,3:32,D,"39,553",+,
104,2016,"Monday, Aug 1",boxscore,BOS,@,SEA,W,2,1,,58-46,2,1,Tazawa,Cishek,Kimbrel,2:42,N,"29,601",++,
105,2016,"Tuesday, Aug 2",boxscore,BOS,@,SEA,L,4,5,,58-47,3,2,Roach,Abad,Diaz,2:30,N,"25,240",-,
106,2016,"Wednesday, Aug 3",boxscore,BOS,@,SEA,L,1,3,,58-48,3,3,Iwakuma,Porcello,Diaz,2:16,N,"24,494",--,
107,2016,"Thursday, Aug 4",boxscore,BOS,@,SEA,W,3,2,11,59-48,3,2,Kimbrel,Martin,Ziegler,3:47,N,"33,369",+,
108,2016,"Friday, Aug 5",boxscore,BOS,@,LAD,W,9,0,,60-48,3,2,Wright,Kazmir,,2:49,N,"52,728",++,
109,2016,"Saturday, Aug 6",boxscore,BOS,@,LAD,L,0,3,,60-49,3,2,Stripling,Rodriguez,Jansen,2:54,D,"47,696",-,
110,2016,"Sunday, Aug 7",boxscore,BOS,@,LAD,L,5,8,,60-50,3,3,Fields,Price,Jansen,3:23,D,"50,640",--,
111,2016,"Tuesday, Aug 9",boxscore,BOS,,NYY,W,5,3,,61-50,3,1.5,Porcello,Severino,Barnes,3:13,N,"38,089",+,
112,2016,"Wednesday, Aug 10",boxscore,BOS,,NYY,L,4,9,,61-51,3,2.5,Clippard,Abad,,4:15,N,"37,779",-,
113,2016,"Thursday, Aug 11",boxscore,BOS,,NYY,L,2,4,,61-52,3,3,Cessa,Ziegler,Betances,3:02,N,"38,161",--,
114,2016,"Friday, Aug 12",boxscore,BOS,,ARI,W,9,4,,62-52,3,2.5,Price,Corbin,,2:53,N,"37,555",+,
115,2016,"Saturday, Aug 13",boxscore,BOS,,ARI,W,6,3,,63-52,3,2,Ross,Bradley,Kimbrel,3:12,N,"37,653",++,
116,2016,"Sunday, Aug 14",boxscore,BOS,,ARI,W,16,2,,64-52,3,2,Porcello,Greinke,,2:49,D,"36,842",+++,
117,2016,"Monday, Aug 15",boxscore,BOS,@,CLE,W,3,2,,65-52,3,1,Pomeranz,Tomlin,Kimbrel,2:57,D,"19,174",++++,2016-04-07 (Rain)
118,2016,"Tuesday, Aug 16",boxscore,BOS,@,BAL,W,5,3,,66-52,2,1,Ziegler,Brach,Kimbrel,3:05,N,"26,014",+++++,
119,2016,"Wednesday, Aug 17",boxscore,BOS,@,BAL,W,8,1,6,67-52,2,1,Price,Bundy,,2:12,N,"26,160",++++++,
120,2016,"Thursday, Aug 18",boxscore,BOS,@,DET,L,3,4,,67-53,2,1.5,Wilson,Tazawa,Rodriguez,3:23,D,"34,649",-,
121,2016,"Friday, Aug 19",boxscore,BOS,@,DET,W,10,2,,68-53,2,0.5,Porcello,Fulmer,,2:46,N,"36,108",+,
122,2016,"Saturday, Aug 20",boxscore,BOS,@,DET,W,3,2,,69-53,2,0.5,Pomeranz,Norris,Kimbrel,2:36,N,"37,886",++,
123,2016,"Sunday, Aug 21",boxscore,BOS,@,DET,L,5,10,,69-54,2,0.5,Verlander,Owens,,3:09,D,"31,032",-,
124,2016,"Monday, Aug 22",boxscore,BOS,@,TBR,W,6,2,,70-54,1,Tied,Price,Snell,,3:13,N,"13,576",+,
125,2016,"Tuesday, Aug 23",boxscore,BOS,@,TBR,W,2,1,,71-54,1,Tied,Buchholz,Archer,Kimbrel,3:09,N,"11,249",++,
126,2016,"Wednesday, Aug 24",boxscore,BOS,@,TBR,L-wo,3,4,11,71-55,1,Tied,Boxberger,Hembree,,3:41,N,"11,896",-,
127,2016,"Thursday, Aug 25",boxscore,BOS,@,TBR,L,1,2,,71-56,1,Tied,Odorizzi,Pomeranz,Romero,2:32,D,"12,059",--,
128,2016,"Friday, Aug 26",boxscore,BOS,,KCR,L,3,6,,71-57,2,1,Kennedy,Wright,Herrera,3:14,N,"38,134",---,
129,2016,"Saturday, Aug 27",boxscore,BOS,,KCR,W,8,3,,72-57,2,1,Price,Duffy,,3:03,N,"37,933",+,
130,2016,"Sunday, Aug 28",boxscore,BOS,,KCR,L,4,10,,72-58,2,2,Strahm,Rodriguez,,3:25,N,"37,337",-,
131,2016,"Monday, Aug 29",boxscore,BOS,,TBR,W,9,4,,73-58,2,2,Porcello,Andriese,,3:11,N,"36,948",+,
132,2016,"Tuesday, Aug 30",boxscore,BOS,,TBR,L,3,4,,73-59,2,2,Romero,Buchholz,Colome,3:11,N,"37,083",-,
133,2016,"Wednesday, Aug 31",boxscore,BOS,,TBR,W,8,6,,74-59,2,2,Tazawa,Ramirez,Kimbrel,3:10,D,"36,786",+,
134,2016,"Friday, Sep 2",boxscore,BOS,@,OAK,W,16,2,,75-59,2,1,Price,Neal,,3:27,N,"21,376",++,
135,2016,"Saturday, Sep 3",boxscore,BOS,@,OAK,W,11,2,,76-59,1,Tied,Porcello,Mengden,,3:00,N,"30,045",+++,
136,2016,"Sunday, Sep 4",boxscore,BOS,@,OAK,L-wo,0,1,,76-60,2,1,Madson,Kimbrel,,2:39,D,"25,139",-,
137,2016,"Monday, Sep 5",boxscore,BOS,@,SDP,L,1,2,,76-61,2,1,Jackson,Pomeranz,Maurer,3:01,D,"40,446",--,
138,2016,"Tuesday, Sep 6",boxscore,BOS,@,SDP,W,5,1,,77-61,1,Tied,Buchholz,Clemens,,3:04,N,"30,644",+,
139,2016,"Wednesday, Sep 7",boxscore,BOS,@,SDP,W,7,2,,78-61,1,up 1.0,Price,Cosart,,3:01,N,"31,662",++,
140,2016,"Friday, Sep 9",boxscore,BOS,@,TOR,W,13,3,,79-61,1,up 2.0,Porcello,Estrada,,3:23,N,"46,953",+++,
141,2016,"Saturday, Sep 10",boxscore,BOS,@,TOR,L,2,3,,79-62,1,up 1.0,Happ,Rodriguez,Osuna,3:03,D,"47,829",-,
142,2016,"Sunday, Sep 11",boxscore,BOS,@,TOR,W,11,8,,80-62,1,up 2.0,Ross,Schultz,Kimbrel,3:46,D,"47,816",+,
143,2016,"Monday, Sep 12",boxscore,BOS,,BAL,W,12,2,,81-62,1,up 2.0,Price,Miley,,2:40,N,"37,551",++,
144,2016,"Tuesday, Sep 13",boxscore,BOS,,BAL,L,3,6,,81-63,1,up 2.0,Bundy,Pomeranz,Britton,3:29,N,"38,041",-,
145,2016,"Wednesday, Sep 14",boxscore,BOS,,BAL,L,0,1,,81-64,1,up 1.0,Gausman,Porcello,Britton,2:35,N,"37,973",--,
146,2016,"Thursday, Sep 15",boxscore,BOS,,NYY,W-wo,7,5,,82-64,1,up 2.0,Kelly,Betances,,3:52,N,"37,767",+,
147,2016,"Friday, Sep 16",boxscore,BOS,,NYY,W,7,4,,83-64,1,up 2.0,Buchholz,Cessa,Kimbrel,3:13,N,"37,927",++,
148,2016,"Saturday, Sep 17",boxscore,BOS,,NYY,W,6,5,,84-64,1,up 3.0,Barnes,Warren,Kimbrel,3:36,D,"37,267",+++,
149,2016,"Sunday, Sep 18",boxscore,BOS,,NYY,W,5,4,,85-64,1,up 3.0,Scott,Clippard,Uehara,3:31,N,"37,306",++++,
150,2016,"Monday, Sep 19",boxscore,BOS,@,BAL,W,5,2,,86-64,1,up 4.0,Porcello,Bundy,,2:33,N,"18,456",+++++,
151,2016,"Tuesday, Sep 20",boxscore,BOS,@,BAL,W,5,2,,87-64,1,up 4.0,Rodriguez,Gausman,Kimbrel,3:14,N,"20,387",++++++,
152,2016,"Wednesday, Sep 21",boxscore,BOS,@,BAL,W,5,1,,88-64,1,up 5.0,Buchholz,Jimenez,,2:55,N,"20,865",+++++++,
153,2016,"Thursday, Sep 22",boxscore,BOS,@,BAL,W,5,3,,89-64,1,up 5.5,Price,Worley,Kimbrel,3:19,N,"26,788",++++++++,
154,2016,"Friday, Sep 23",boxscore,BOS,@,TBR,W,2,1,,90-64,1,up 5.5,Pomeranz,Archer,Ziegler,2:52,N,"20,543",+++++++++,
155,2016,"Saturday, Sep 24",boxscore,BOS,@,TBR,W,6,4,,91-64,1,up 5.5,Porcello,Garton,Kimbrel,3:10,N,"25,641",++++++++++,
156,2016,"Sunday, Sep 25",boxscore,BOS,@,TBR,W,3,2,10,92-64,1,up 5.5,Kelly,Gamboa,,4:01,D,"26,443",+++++++++++,
157,2016,"Tuesday, Sep 27",boxscore,BOS,@,NYY,L,4,6,,92-65,1,up 5.0,Parker,Price,Clippard,3:09,N,"35,161",-,
158,2016,"Wednesday, Sep 28",boxscore,BOS,@,NYY,L-wo,3,5,,92-66,1,up 5.0,Pazos,Kimbrel,,3:28,N,"35,520",--,
159,2016,"Thursday, Sep 29",boxscore,BOS,@,NYY,L,1,5,,92-67,1,up 5.0,Sabathia,Owens,,3:17,N,"41,597",---,
160,2016,"Friday, Sep 30",boxscore,BOS,,TOR,W,5,3,,93-67,1,up 5.0,Ziegler,Biagini,Kimbrel,3:25,N,"37,661",+,
161,2016,"Saturday, Oct 1",boxscore,BOS,,TOR,L,3,4,,93-68,1,up 5.0,Osuna,Kimbrel,,3:29,N,"37,396",-,
162,2016,"Sunday, Oct 2",boxscore,BOS,,TOR,L,1,2,,93-69,1,up 4.0,Sanchez,Ziegler,Osuna,3:14,D,"36,787",--,